graph_id,node_id,label,train_mask,val_mask,test_mask,feat_0,feat_1,feat_2,feat_3,feat_4,feat_5,X,Y,Z
0,0,0,True,False,False,17.2143,16.9668,0.7514,8.0,0.9792,0.5362,5.940485,4.728024,0.0
0,1,5,True,False,False,14.0886,15.0921,0.7773,4.0,0.9824,0.4987,3.14649,7.854472,0.0
0,2,8,True,False,False,14.8205,16.5719,0.6782,10.0,0.9845,0.4878,-1.590818,-4.466176,0.0
0,3,4,True,False,False,12.8135,14.4785,0.7681,4.0,0.9744,0.4928,0.999306,5.295558,0.0
0,4,0,True,False,False,13.5851,14.8535,0.7738,4.0,0.9789,0.4964,-7.228438,-4.503257,0.0
0,5,0,True,False,False,14.7712,15.3989,0.7828,4.0,0.99,0.5022,3.407459,1.483911,0.0
0,6,4,True,False,False,13.2752,14.8024,0.7614,6.0,0.9663,0.4947,-5.051653,-1.902438,0.0
0,7,1,True,False,False,3.5096,7.917,0.7036,6.0,0.9249,0.4717,-4.104779,0.617998,0.0
0,8,0,True,False,False,15.1718,16.1147,0.7342,12.0,0.9888,0.5152,0.895496,-1.503102,0.0
0,9,2,True,False,False,2.8401,6.741,0.7854,4.0,1.0,0.5038,0.346411,2.595189,0.0
0,10,1,True,False,False,3.5155,7.934,0.7018,6.0,0.9965,0.4674,-1.364974,3.869913,0.0
0,11,5,False,True,False,13.1797,14.7683,0.7594,8.0,0.9343,0.5151,-4.14317,-5.901307,0.0
0,12,2,False,True,False,2.5414,6.6047,0.7321,6.0,0.8919,0.528,-2.254983,-0.761663,0.0
0,13,6,False,False,True,10.7691,13.865,0.704,6.0,0.9447,0.4526,-2.341545,1.963969,0.0
0,14,3,False,False,True,11.2438,15.0239,0.626,10.0,0.9338,0.478,8.976564,2.851219,0.0
0,15,3,False,False,True,11.2273,15.0239,0.6251,12.0,0.9355,0.4762,-0.640254,-8.596402,0.0
1,0,5,True,False,False,18.4134,17.4238,0.7622,6.0,0.9554,0.4944,7.418466,-1.089482,0.0
1,1,3,True,False,False,3.509,7.8738,0.7113,5.0,0.8577,0.4743,-1.1813,11.524798,0.0
1,2,0,True,False,False,13.552,16.0375,0.6621,14.0,0.9106,0.5236,0.859994,8.923974,0.0
1,3,2,True,False,False,14.7835,20.3505,0.4486,12.0,0.9878,0.3644,7.218034,2.262404,0.0
1,4,0,True,False,False,18.3975,17.1671,0.7845,4.0,0.9911,0.5078,9.145627,6.91396,0.0
1,5,4,True,False,False,8.7084,12.5717,0.6924,10.0,0.9922,0.4796,-1.051854,6.9611,0.0
1,6,6,True,False,False,1.9436,5.64,0.7678,6.0,0.9579,0.4998,-1.799928,-1.958885,0.0
1,7,5,True,False,False,19.4558,18.559,0.7098,17.0,0.9277,0.5161,-1.241891,-9.017074,0.0
1,8,1,True,False,False,5.1988,9.5423,0.7175,12.0,0.9449,0.5261,-7.844495,-9.876427,0.0
1,9,0,True,False,False,21.5497,19.0155,0.7489,6.0,0.9483,0.4857,12.397265,4.267367,0.0
1,10,2,True,False,False,12.199,18.4251,0.4516,16.0,0.7497,0.444,-0.343814,2.322818,0.0
1,11,4,True,False,False,7.9666,12.3149,0.6601,12.0,0.9042,0.4922,-7.124173,-0.918852,0.0
1,12,1,True,False,False,4.4174,8.4127,0.7843,4.0,0.9906,0.5077,3.504718,5.135166,0.0
1,13,4,True,False,False,9.36,12.9054,0.7062,8.0,0.9839,0.4767,3.748823,-2.223898,0.0
1,14,2,True,False,False,18.1381,24.2784,0.3867,14.0,0.5393,0.4393,5.36654,5.944908,0.0
1,15,5,True,False,False,18.3229,17.1468,0.7831,10.0,0.9755,0.5185,-3.15201,5.088333,0.0
1,16,0,True,False,False,18.8281,17.9654,0.7331,13.0,0.9727,0.5059,-8.91659,-3.193326,0.0
1,17,5,True,False,False,20.5604,18.3994,0.7632,6.0,0.9609,0.4954,-10.649211,-6.807592,0.0
1,18,3,True,False,False,3.74,8.1936,0.7,5.0,0.8599,0.4663,-7.165692,3.790493,0.0
1,19,7,True,False,False,1.256,4.5361,0.7671,4.0,0.9612,0.4967,-5.395673,-5.888987,0.0
1,20,3,True,False,False,3.8798,8.4255,0.6868,5.0,0.8218,0.4606,-2.644156,9.626474,0.0
1,21,2,True,False,False,12.4672,19.2466,0.4229,22.0,0.7477,0.4246,-5.000865,-4.609068,0.0
1,22,3,True,False,False,5.3975,10.4947,0.6158,6.0,0.9506,0.4322,-1.605825,-13.998852,0.0
1,23,7,True,False,False,1.6346,5.3833,0.7088,6.0,0.921,0.4621,-1.167124,-0.50186,0.0
1,24,2,True,False,False,21.6295,27.6159,0.3564,26.0,0.7849,0.3737,0.25085,-2.565121,0.0
1,25,3,True,False,False,5.205,10.488,0.5946,10.0,0.7714,0.4161,-13.368603,-4.279954,0.0
1,26,1,True,False,False,2.16,6.3845,0.6659,4.0,0.9038,0.4322,-6.367996,-10.746831,0.0
1,27,1,True,False,False,3.8602,8.2073,0.7201,8.0,0.9882,0.4853,1.995448,3.397422,0.0
1,28,4,True,False,False,8.2699,11.7758,0.7494,8.0,0.9759,0.5171,6.810361,10.147867,0.0
1,29,0,False,True,False,14.4607,15.5497,0.7515,8.0,0.9461,0.5212,-4.134867,-11.844575,0.0
1,30,7,False,True,False,0.9373,3.8943,0.7767,4.0,0.973,0.5028,-2.633245,0.093155,0.0
1,31,1,False,True,False,1.8295,5.4346,0.7784,4.0,0.9758,0.5039,2.363969,6.451782,0.0
1,32,1,False,True,False,6.0013,11.0826,0.614,8.0,0.8441,0.4302,9.769253,0.753345,0.0
1,33,2,False,True,False,14.6853,20.6586,0.4324,14.0,0.9097,0.3795,-5.933968,-7.129173,0.0
1,34,5,False,True,False,18.2641,17.9178,0.7149,13.0,0.985,0.535,2.716758,12.730448,0.0
1,35,7,False,False,True,0.6846,3.4578,0.7195,4.0,0.9277,0.4664,1.495513,5.419434,0.0
1,36,3,False,False,True,5.0121,9.747,0.663,11.0,0.7612,0.5356,6.331937,-3.651648,0.0
1,37,1,False,False,True,3.9862,8.3613,0.7165,8.0,0.8728,0.5014,-3.755634,-1.804974,0.0
1,38,0,False,False,True,15.1363,15.5754,0.7841,4.0,0.9894,0.5075,-5.078607,1.483291,0.0
1,39,3,False,False,True,2.9377,6.9193,0.7711,13.0,0.933,0.5143,2.83226,-8.250135,0.0
1,40,4,False,False,True,8.9099,12.8284,0.6804,10.0,0.8813,0.496,0.46352,-6.466153,0.0
1,41,3,False,False,True,4.1186,8.7621,0.6741,5.0,0.8141,0.4531,-8.70636,1.791193,0.0
2,0,1,True,False,False,5.7807,10.9462,0.6063,10.0,0.7959,0.4446,9.574286,1.158524,0.0
2,1,4,True,False,False,8.466,12.7204,0.6575,12.0,0.8455,0.4956,0.725481,-6.394981,0.0
2,2,3,True,False,False,3.8566,8.4064,0.6858,7.0,0.7751,0.4738,-2.990907,9.591062,0.0
2,3,0,True,False,False,18.3173,17.0614,0.7908,7.0,0.999,0.5215,-8.917709,-3.608512,0.0
2,4,5,True,False,False,18.2924,17.9862,0.7106,13.0,0.9923,0.5396,2.467223,12.360123,0.0
2,5,5,True,False,False,20.5371,18.4032,0.762,6.0,0.9448,0.4999,-10.387966,-7.12826,0.0
2,6,6,True,False,False,1.7635,5.3919,0.7622,4.0,0.9442,0.4992,-1.688968,-1.931803,0.0
2,7,3,True,False,False,3.4819,7.8039,0.7185,5.0,0.8322,0.4816,-1.671944,11.439512,0.0
2,8,0,True,False,False,21.4042,18.9689,0.7475,4.0,0.9292,0.4898,11.814649,4.298263,0.0
2,9,4,True,False,False,8.2975,11.769,0.7528,6.0,0.9916,0.5217,6.310246,10.208306,0.0
2,10,7,True,False,False,0.394,2.7434,0.6578,4.0,0.8738,0.4324,-3.987933,-5.961602,0.0
2,11,0,True,False,False,13.4588,15.9604,0.6639,12.0,0.9057,0.533,0.506364,9.279472,0.0
2,12,2,True,False,False,15.7369,19.8946,0.4996,14.0,0.9419,0.4004,-4.83303,-7.278767,0.0
2,13,1,True,False,False,5.8949,10.9976,0.6125,8.0,0.821,0.4218,-7.178844,-1.457701,0.0
2,14,2,True,False,False,30.0891,49.3194,0.1554,40.0,0.8679,0.2746,0.304,-1.146952,0.0
2,15,1,True,False,False,5.09,9.429,0.7194,12.0,0.9456,0.5322,-7.521379,-10.105591,0.0
2,16,2,True,False,False,10.8519,16.9118,0.4768,16.0,0.6876,0.4599,-0.369536,2.133264,0.0
2,17,7,True,False,False,0.9255,4.1062,0.6898,6.0,0.9012,0.455,-3.148946,-0.890035,0.0
2,18,2,True,False,False,14.0973,20.1775,0.4351,18.0,0.9887,0.3672,-4.395118,-4.119523,0.0
2,19,3,True,False,False,5.4132,10.501,0.6169,6.0,0.9124,0.4401,-1.097059,-13.962763,0.0
2,20,2,True,False,False,14.4623,20.306,0.4408,14.0,0.9727,0.3615,7.077711,2.326098,0.0
2,21,3,True,False,False,3.6791,9.4075,0.5224,10.0,0.8352,0.3486,-8.71439,1.304309,0.0
2,22,5,True,False,False,18.3347,17.6061,0.7433,10.0,0.9384,0.4998,6.958902,0.295754,0.0
2,23,1,True,False,False,3.6575,8.2205,0.6801,8.0,0.9222,0.4887,1.901158,3.354104,0.0
2,24,3,True,False,False,5.0034,9.7862,0.6565,16.0,0.7747,0.533,6.415302,-3.36908,0.0
2,25,1,True,False,False,4.5036,8.5033,0.7827,6.0,0.9874,0.514,3.271094,5.229719,0.0
2,26,5,True,False,False,18.8153,17.3601,0.7845,13.0,0.8576,0.5489,-0.831784,-8.892824,0.0
2,27,1,True,False,False,2.2756,6.5491,0.6667,4.0,0.878,0.4382,-6.027112,-10.966498,0.0
2,28,0,False,True,False,14.7249,16.2689,0.6991,8.0,0.9922,0.5127,-3.501444,-12.097423,0.0
2,29,3,False,True,False,5.317,10.429,0.6143,6.0,0.7314,0.4277,-13.224418,-4.695276,0.0
2,30,4,False,True,False,8.6253,12.3861,0.7065,6.0,0.9667,0.493,-1.373441,6.93279,0.0
2,31,3,False,True,False,3.0061,6.9521,0.7816,12.0,0.929,0.5252,3.123572,-8.080995,0.0
2,32,1,False,True,False,1.1734,4.3634,0.7745,4.0,0.9614,0.507,2.228634,6.723806,0.0
2,33,5,False,True,False,20.6301,18.2914,0.7748,9.0,0.9095,0.5482,-3.141568,4.415017,0.0
2,34,7,False,False,True,1.2323,4.4405,0.7854,4.0,0.9981,0.514,1.383974,5.628605,0.0
2,35,3,False,False,True,0.8546,3.8293,0.7324,10.0,0.7356,0.5119,-6.576351,4.768629,0.0
2,36,0,False,False,True,18.6209,17.2718,0.7844,4.0,0.9881,0.5133,8.83599,7.229207,0.0
2,37,4,False,False,True,9.4466,12.8233,0.7219,10.0,0.9593,0.4868,3.753678,-2.0958,0.0
2,38,2,False,False,True,17.9532,24.2146,0.3848,12.0,0.5332,0.4397,4.999347,6.176165,0.0
2,39,7,False,False,True,1.3422,4.6719,0.7727,6.0,0.969,0.5105,-4.778128,-5.342478,0.0
2,40,4,False,False,True,9.3009,12.9004,0.7023,12.0,0.9161,0.4775,-6.025057,0.159265,0.0
3,0,6,True,False,False,1.9321,5.6417,0.7628,6.0,0.9651,0.4935,-1.763714,-1.827345,0.0
3,1,0,True,False,False,14.5272,16.0423,0.7093,12.0,0.9475,0.4861,-4.374683,-10.938669,0.0
3,2,3,True,False,False,5.1891,10.4348,0.5989,10.0,0.7945,0.4139,-13.443675,-3.935767,0.0
3,3,1,True,False,False,5.2581,9.5452,0.7252,10.0,0.9168,0.5148,-8.022008,-9.613912,0.0
3,4,3,True,False,False,8.1239,14.476,0.4872,6.0,0.7963,0.3278,-7.772167,3.056073,0.0
3,5,7,True,False,False,2.4497,6.2837,0.7796,4.0,0.9823,0.5018,5.393539,4.560414,0.0
3,6,1,True,False,False,3.7844,8.4923,0.6594,10.0,0.95,0.4588,2.021949,3.053639,0.0
3,7,0,True,False,False,18.2972,17.0938,0.7869,7.0,0.9771,0.5128,-9.301122,-2.575633,0.0
3,8,1,True,False,False,1.6349,5.1281,0.7812,6.0,0.992,0.505,0.865944,4.339387,0.0
3,9,7,True,False,False,1.7948,5.616,0.7151,6.0,0.9474,0.4643,-4.808858,-5.234897,0.0
3,10,0,True,False,False,14.8386,16.5816,0.6782,12.0,0.9293,0.522,-4.973858,1.644606,0.0
3,11,4,True,False,False,8.6635,12.4471,0.7027,10.0,0.9953,0.4791,-7.070326,-0.705523,0.0
3,12,1,True,False,False,2.0613,6.181,0.678,4.0,0.9258,0.437,-6.570346,-10.535174,0.0
3,13,4,True,False,False,9.4027,12.9864,0.7006,8.0,0.9997,0.473,3.72674,-2.304685,0.0
3,14,3,True,False,False,5.3934,10.4867,0.6163,6.0,0.9823,0.4286,-1.921731,-13.945905,0.0
3,15,5,True,False,False,18.162,17.3777,0.7558,8.0,0.9695,0.4913,7.35364,-1.237316,0.0
3,16,5,True,False,False,18.0487,17.7651,0.7187,12.0,0.9657,0.5252,3.033509,12.660553,0.0
3,17,2,True,False,False,14.6404,20.2026,0.4508,12.0,0.9623,0.3651,6.737103,2.435808,0.0
3,18,4,True,False,False,8.9154,12.8323,0.6804,10.0,0.892,0.494,0.335591,-6.464914,0.0
3,19,2,True,False,False,15.695,19.5092,0.5182,10.0,0.8877,0.4058,-5.30241,-7.107063,0.0
3,20,2,True,False,False,17.6694,25.0562,0.3537,22.0,0.5449,0.4139,3.062988,5.549791,0.0
3,21,1,True,False,False,1.5835,5.0511,0.7799,6.0,0.9849,0.5048,-0.421139,2.762862,0.0
3,22,2,True,False,False,16.36,25.1846,0.3241,30.0,0.8208,0.3243,-3.548726,-1.266081,0.0
3,23,0,True,False,False,13.3026,14.9894,0.744,4.0,0.9532,0.4791,9.791371,6.201111,0.0
3,24,3,True,False,False,3.006,6.9719,0.7771,13.0,0.9407,0.5124,2.675217,-8.309359,0.0
3,25,5,True,False,False,19.3355,18.8106,0.6867,19.0,0.9126,0.5478,-1.264822,-9.151291,0.0
3,26,0,True,False,False,18.1143,17.4548,0.7471,6.0,0.9543,0.4817,6.955306,8.055213,0.0
3,27,3,True,False,False,7.5603,13.8279,0.4969,6.0,0.7897,0.3354,-1.541241,10.717179,0.0
3,28,3,False,True,False,4.928,9.7785,0.6476,17.0,0.7637,0.5315,6.214724,-3.854924,0.0
3,29,2,False,True,False,21.4417,27.2391,0.3631,17.0,0.7777,0.3726,0.236423,-2.967107,0.0
3,30,1,False,True,False,4.0864,8.3895,0.7296,10.0,0.9609,0.5036,0.100466,0.868276,0.0
3,31,5,False,True,False,20.9934,19.4322,0.6986,8.0,0.9156,0.4787,-10.180839,-8.110111,0.0
3,32,7,False,True,False,1.6315,5.3592,0.7138,4.0,0.939,0.4598,-1.060019,-0.521605,0.0
3,33,1,False,True,False,5.9361,11.009,0.6155,6.0,0.8621,0.4275,9.775389,0.493489,0.0
3,34,0,False,False,True,21.4969,18.9956,0.7487,4.0,0.9559,0.482,12.110791,3.567414,0.0
3,35,4,False,False,True,8.86,12.4984,0.7127,8.0,0.978,0.477,-0.722948,7.058381,0.0
3,36,0,False,False,True,13.5665,16.0167,0.6646,12.0,0.9197,0.5195,1.407906,7.912816,0.0
3,37,7,False,False,True,2.6929,7.0542,0.68,8.0,0.8589,0.4768,6.126858,10.835236,0.0
3,38,7,False,False,True,2.057,5.8472,0.7561,4.0,0.9605,0.4868,-6.998389,-5.335385,0.0
3,39,5,False,False,True,18.4144,17.8919,0.7229,9.0,0.9739,0.5244,-3.022192,5.167523,0.0
4,0,2,True,False,False,21.3278,27.4267,0.3563,21.0,0.7855,0.3695,0.264566,-2.340682,0.0
4,1,7,True,False,False,2.4096,6.2283,0.7806,4.0,0.9762,0.5088,5.134901,4.79584,0.0
4,2,0,True,False,False,18.1761,17.0317,0.7874,5.0,0.9965,0.5169,-9.154839,-3.043988,0.0
4,3,7,True,False,False,1.6646,5.3301,0.7363,8.0,0.8745,0.5328,5.237784,10.544296,0.0
4,4,7,True,False,False,1.6294,5.3558,0.7138,4.0,0.9113,0.4662,-1.067528,-0.600758,0.0
4,5,0,True,False,False,14.5605,16.0319,0.7119,12.0,0.9506,0.4909,-3.727676,-12.20024,0.0
4,6,3,True,False,False,5.3864,10.4799,0.6163,6.0,0.9233,0.4371,-1.275464,-14.042344,0.0
4,7,0,True,False,False,18.3191,17.2895,0.7701,4.0,0.958,0.5021,11.63005,3.779215,0.0
4,8,2,True,False,False,14.5435,20.2408,0.4461,12.0,0.9921,0.3633,7.078807,2.415658,0.0
4,9,5,True,False,False,20.7736,19.2142,0.7071,6.0,0.9081,0.4878,-9.900353,-8.633298,0.0
4,10,1,True,False,False,1.5984,5.0734,0.7803,6.0,0.9818,0.5115,-0.594562,2.71253,0.0
4,11,1,True,False,False,1.6502,5.1504,0.7817,6.0,0.9874,0.5116,0.613571,4.3487,0.0
4,12,3,True,False,False,4.9233,9.8388,0.6391,17.0,0.7772,0.5276,6.384983,-3.534811,0.0
4,13,7,True,False,False,1.7555,5.5354,0.72,6.0,0.9223,0.4736,-4.601209,-5.472372,0.0
4,14,4,True,False,False,8.8249,12.4646,0.7138,8.0,0.9497,0.4837,-1.099337,6.981727,0.0
4,15,3,True,False,False,3.9199,10.5399,0.4434,4.0,0.8158,0.292,7.528064,10.846207,0.0
4,16,6,True,False,False,1.9294,5.6381,0.7627,6.0,0.9511,0.5,-1.706498,-1.938295,0.0
4,17,1,True,False,False,4.0811,8.3841,0.7296,10.0,0.979,0.5079,0.023306,0.842959,0.0
4,18,4,True,False,False,9.3905,12.9779,0.7006,8.0,0.9786,0.4795,3.797094,-2.148015,0.0
4,19,1,True,False,False,5.8807,10.9761,0.6134,6.0,0.8273,0.4344,9.634079,0.994277,0.0
4,20,1,True,False,False,2.0858,6.2027,0.6813,4.0,0.894,0.4454,-6.096793,-10.852319,0.0
4,21,2,True,False,False,16.3472,25.1426,0.325,28.0,0.7741,0.3355,-3.487798,-1.43117,0.0
4,22,0,True,False,False,15.1141,15.6983,0.7707,6.0,0.9592,0.5032,6.258381,7.997979,0.0
4,23,2,True,False,False,17.7248,25.0913,0.3538,22.0,0.5201,0.4304,2.747787,5.663628,0.0
4,24,3,True,False,False,8.1134,14.4666,0.4872,6.0,0.7416,0.3338,-7.941203,2.644271,0.0
4,25,4,True,False,False,8.9642,12.9523,0.6715,12.0,0.8759,0.4969,0.614273,-6.465381,0.0
4,26,3,True,False,False,7.5505,13.8189,0.4969,6.0,0.7358,0.3416,-2.09389,10.59407,0.0
4,27,3,True,False,False,3.0033,7.0176,0.7663,15.0,0.9138,0.5171,3.039479,-8.192434,0.0
4,28,0,True,False,False,13.5041,15.9806,0.6645,12.0,0.9103,0.5281,0.717673,9.28525,0.0
4,29,5,False,True,False,19.3568,18.824,0.6865,19.0,0.9055,0.5495,-0.995923,-8.958955,0.0
4,30,5,False,True,False,18.3746,17.4691,0.7566,6.0,0.956,0.4964,7.353773,-0.889835,0.0
4,31,7,False,True,False,2.1217,5.9717,0.7477,4.0,0.9348,0.4878,-6.799445,-5.713887,0.0
4,32,4,False,True,False,8.6827,12.439,0.7052,10.0,0.9673,0.4871,-7.061691,-1.081514,0.0
4,33,0,False,True,False,14.7705,16.5452,0.678,12.0,0.9241,0.5303,-5.084617,1.375135,0.0
4,34,3,False,True,False,3.3074,9.3593,0.4745,8.0,0.8234,0.3141,13.604042,6.405223,0.0
4,35,2,False,False,True,15.7986,19.4709,0.5237,14.0,0.9284,0.4078,-5.015159,-7.392648,0.0
4,36,5,False,False,True,18.3601,17.8655,0.7229,9.0,0.9965,0.5289,-3.260606,4.989981,0.0
4,37,1,False,False,True,3.7795,8.4867,0.6594,10.0,0.9285,0.465,1.548673,2.857367,0.0
4,38,5,False,False,True,17.9202,17.697,0.719,15.0,0.9883,0.5298,2.407465,12.763207,0.0
4,39,1,False,False,True,5.2338,9.539,0.7228,10.0,0.9226,0.5191,-7.595728,-9.999476,0.0
4,40,0,False,False,True,13.1818,14.9284,0.7433,6.0,0.9317,0.4859,9.448765,6.652369,0.0
4,41,3,False,False,True,5.1966,10.4494,0.5981,10.0,0.749,0.4193,-13.259,-4.605347,0.0
5,0,3,True,False,False,5.793,10.3707,0.6768,14.0,0.5756,0.7289,0.507873,6.85941,0.0
5,1,4,True,False,False,10.571,14.0531,0.6726,14.0,0.6324,0.7528,-2.058893,-2.607022,0.0
5,2,5,True,False,False,27.3968,24.0995,0.5928,16.0,0.6869,0.6487,2.184423,3.336127,0.0
5,3,1,True,False,False,1.6182,5.2332,0.7425,8.0,0.7385,0.7657,-5.929232,-1.61423,0.0
5,4,5,True,False,False,21.4934,21.0303,0.6107,20.0,0.8456,0.6392,-6.17539,-4.241815,0.0
5,5,6,True,False,False,23.4224,29.9119,0.329,20.0,0.7523,0.3827,8.891137,-2.022865,0.0
5,6,2,True,False,False,3.7639,7.9179,0.7545,6.0,0.8119,0.7613,6.130171,3.464195,0.0
5,7,0,True,False,False,10.4619,13.5079,0.7205,4.0,0.6467,0.7487,-2.309436,3.231126,0.0
5,8,4,True,False,False,4.813,8.9292,0.7586,8.0,0.8465,0.7705,7.869195,6.384529,0.0
5,9,1,True,False,False,4.44,8.5314,0.7666,4.0,0.7929,0.7702,-8.30793,-1.295124,0.0
5,10,6,True,False,False,2.5856,6.438,0.7839,6.0,0.9925,0.7786,9.09887,1.880933,0.0
5,11,1,True,False,False,3.8386,7.9691,0.7596,6.0,0.7796,0.7727,0.624742,-1.609506,0.0
5,12,0,True,False,False,11.2919,13.8897,0.7355,4.0,0.6833,0.7558,-4.994935,2.841106,0.0
5,13,2,True,False,False,13.1334,21.2104,0.3669,16.0,0.3164,0.5354,-3.800593,-0.292466,0.0
5,14,3,False,True,False,5.8449,10.263,0.6973,18.0,0.8698,0.7264,-3.765682,-6.529471,0.0
5,15,0,False,True,False,15.9086,16.0193,0.779,6.0,0.8775,0.7775,-8.225956,1.838976,0.0
5,16,1,False,True,False,3.8778,7.9736,0.7665,4.0,0.7923,0.7701,8.285557,3.976254,0.0
5,17,4,False,False,True,4.6731,8.7541,0.7663,6.0,0.8449,0.7691,0.937797,-3.446736,0.0
5,18,3,False,False,True,5.8376,10.2794,0.6942,18.0,0.8679,0.7221,1.268188,-5.806965,0.0
5,19,0,False,False,True,25.0224,20.4072,0.755,10.0,0.9933,0.7824,4.52276,-1.555104,0.0
6,0,0,True,False,False,25.1559,21.2483,0.7002,14.0,0.9158,0.5717,-12.42917,0.910121,0.0
6,1,0,True,False,False,18.11,17.8298,0.7159,10.0,0.8904,0.5599,-0.989708,-8.709461,0.0
6,2,5,True,False,False,31.098,26.5866,0.5529,22.0,0.7891,0.6342,8.806994,-3.851626,0.0
6,3,1,True,False,False,1.9715,6.0244,0.6826,8.0,0.7695,0.5498,-8.978782,7.133857,0.0
6,4,0,True,False,False,14.3029,16.1433,0.6897,8.0,0.8358,0.5454,-7.710595,10.247919,0.0
6,5,2,True,False,False,45.7896,50.5881,0.2248,49.0,0.6655,0.2602,-6.160607,3.087688,0.0
6,6,1,True,False,False,6.6661,12.1866,0.564,8.0,0.8854,0.4783,-10.373851,7.975923,0.0
6,7,4,True,False,False,38.1365,30.3488,0.5203,19.0,0.7206,0.4917,-1.953225,6.761232,0.0
6,8,2,True,False,False,12.7892,22.5001,0.3175,24.0,0.706,0.2816,6.289985,0.386251,0.0
6,9,5,True,False,False,33.4237,25.5488,0.6435,20.0,0.9775,0.5711,-7.766859,-1.293343,0.0
6,10,0,True,False,False,12.9916,16.7271,0.5835,12.0,0.7419,0.5113,10.286595,0.631046,0.0
6,11,0,True,False,False,18.5247,18.5433,0.677,12.0,0.9756,0.5917,12.205445,3.904305,0.0
6,12,1,True,False,False,5.8549,10.3055,0.6928,8.0,0.8476,0.5693,9.345777,5.480209,0.0
6,13,2,True,False,False,22.7255,27.365,0.3814,10.0,0.8265,0.4024,1.296649,-3.835476,0.0
6,14,2,False,True,False,42.7683,39.365,0.3468,34.0,0.879,0.434,4.963411,4.237293,0.0
6,15,0,False,True,False,23.425,21.0082,0.667,12.0,0.8894,0.5709,-3.257918,-3.441695,0.0
6,16,0,False,True,False,24.7736,23.019,0.5875,18.0,0.8091,0.5479,5.899547,-10.499162,0.0
6,17,7,False,False,True,0.8714,3.7542,0.777,4.0,0.9291,0.5576,2.230696,4.307733,0.0
6,18,4,False,False,True,6.3325,10.1758,0.7685,4.0,0.9012,0.5523,4.668884,-4.524111,0.0
6,19,0,False,False,True,16.6001,17.1812,0.7067,8.0,0.8555,0.5517,2.368372,-9.804807,0.0
7,0,0,True,False,False,11.1355,13.4243,0.7765,8.0,0.9213,0.5968,6.906062,-0.824459,0.0
7,1,1,True,False,False,5.6743,12.3913,0.4644,8.0,0.7895,0.6158,-3.393914,6.162623,0.0
7,2,6,True,False,False,2.7053,6.5857,0.7838,6.0,0.9628,0.6019,-2.693944,3.919823,0.0
7,3,2,True,False,False,12.625,14.2639,0.7798,8.0,0.9918,0.6014,-0.469599,1.728952,0.0
7,4,2,True,False,False,8.5044,14.4341,0.513,8.0,0.8402,0.4785,-0.358358,5.705737,0.0
7,5,2,True,False,False,7.8268,15.6282,0.4027,12.0,0.8569,0.4287,2.067505,4.958774,0.0
7,6,6,True,False,False,1.0067,4.1122,0.7481,4.0,0.8209,0.579,3.313592,0.56859,0.0
7,7,0,True,False,False,14.4994,15.2819,0.7802,4.0,0.9291,0.5987,0.388193,10.128397,0.0
7,8,5,True,False,False,31.5586,29.1293,0.4674,22.0,0.9843,0.4171,4.108759,-6.423827,0.0
7,9,3,True,False,False,15.6581,19.7992,0.5019,14.0,0.609,0.43,12.071472,5.424516,0.0
7,10,0,True,False,False,14.7909,15.8632,0.7386,4.0,0.8015,0.573,0.670137,-11.635479,0.0
7,11,5,True,False,False,25.3367,20.2654,0.7753,12.0,0.9259,0.5969,8.554567,7.013309,0.0
7,12,5,True,False,False,36.2654,36.8874,0.3349,22.0,0.4875,0.4521,-9.518385,-3.18289,0.0
7,13,2,True,False,False,8.2716,14.8216,0.4732,16.0,0.5553,0.4481,0.453242,-1.095432,0.0
7,14,0,True,False,False,15.3754,16.5514,0.7053,8.0,0.8552,0.5702,-6.240181,4.467838,0.0
7,15,4,True,False,False,8.9092,12.2748,0.7431,4.0,0.8102,0.5758,7.312649,2.566518,0.0
7,16,0,True,False,False,16.8828,16.4357,0.7854,4.0,0.9959,0.6019,4.285101,8.657764,0.0
7,17,5,True,False,False,25.5271,20.3842,0.772,12.0,0.922,0.5993,-3.857913,10.973408,0.0
7,18,4,True,False,False,7.675,11.8204,0.6903,8.0,0.7284,0.5551,-7.905511,-1.454391,0.0
7,19,0,True,False,False,15.4773,16.607,0.7052,4.0,0.7479,0.552,-6.017092,-7.782522,0.0
7,20,6,True,False,False,12.1947,20.497,0.3648,4.0,0.9467,0.522,4.801381,0.567823,0.0
7,21,0,False,True,False,15.1172,15.8862,0.7527,4.0,0.8314,0.5818,-3.003531,-9.293821,0.0
7,22,1,False,True,False,4.7631,9.5391,0.6578,8.0,0.6558,0.5849,-1.802768,-6.116483,0.0
7,23,1,False,True,False,5.6835,12.3801,0.466,8.0,0.9097,0.5753,4.536473,3.863026,0.0
7,24,6,False,True,False,4.0385,8.1842,0.7577,6.0,0.8506,0.585,-3.706779,2.232981,0.0
7,25,2,False,False,True,13.4986,22.3124,0.3407,16.0,0.9982,0.3872,-2.781551,-1.218934,0.0
7,26,4,False,False,True,9.714,13.4773,0.672,16.0,0.8543,0.596,1.946035,-5.127123,0.0
7,27,3,False,False,True,16.0016,19.8371,0.511,14.0,0.5787,0.4325,5.612723,-9.957239,0.0
7,28,1,False,False,True,7.1701,12.9831,0.5345,14.0,0.9988,0.5852,-0.708056,-4.200709,0.0
7,29,1,False,False,True,10.1525,16.7558,0.4544,12.0,0.8731,0.5742,-4.381072,-3.453453,0.0
7,30,4,False,False,True,7.5331,11.1481,0.7617,4.0,0.8545,0.5874,-5.873447,7.521239,0.0
8,0,7,True,False,False,26.7135,27.7753,0.4351,20.0,0.9759,0.4166,9.737445,0.474437,0.0
8,1,3,True,False,False,19.564,19.3209,0.6586,4.0,0.6939,0.5211,-12.894383,-3.709651,0.0
8,2,7,True,False,False,15.3025,16.8438,0.6778,4.0,0.7146,0.5335,4.607475,-5.133064,0.0
8,3,0,True,False,False,19.0826,18.6632,0.6885,8.0,0.8912,0.5922,-5.145244,4.055603,0.0
8,4,2,True,False,False,19.1739,25.1075,0.3822,16.0,0.4868,0.4299,2.080879,-1.006379,0.0
8,5,5,True,False,False,27.1493,22.7554,0.6589,8.0,0.8523,0.6035,3.070861,-10.959236,0.0
8,6,1,True,False,False,7.2589,14.2697,0.448,16.0,0.7924,0.6064,-2.588124,-4.579179,0.0
8,7,1,True,False,False,4.8954,11.5936,0.4577,8.0,0.8228,0.5672,4.227117,3.761804,0.0
8,8,7,True,False,False,5.6855,9.9572,0.7206,10.0,0.8093,0.6341,-0.767188,5.956417,0.0
8,9,0,True,False,False,12.2755,14.0555,0.7808,4.0,0.9337,0.5983,-1.110848,-10.329829,0.0
8,10,6,True,False,False,2.7195,6.6055,0.7832,4.0,0.954,0.5998,-1.33549,1.555001,0.0
8,11,6,True,False,False,1.0767,4.2244,0.7582,4.0,0.8455,0.5844,5.416857,0.064459,0.0
8,12,3,True,False,False,19.558,19.3381,0.6572,4.0,0.6925,0.5202,-7.167554,11.365425,0.0
8,13,2,True,False,False,16.0241,27.4475,0.2673,14.0,0.4732,0.3434,3.325174,6.009787,0.0
8,14,4,True,False,False,6.0974,10.7967,0.6573,6.0,0.693,0.5215,-6.448698,-1.217236,0.0
8,15,6,True,False,False,4.0871,8.2135,0.7613,4.0,0.854,0.5863,-0.984898,3.461753,0.0
8,16,0,True,False,False,14.6184,15.3417,0.7805,4.0,0.9313,0.5981,2.480914,9.660614,0.0
8,17,4,True,False,False,11.6914,14.0683,0.7423,6.0,0.8097,0.5747,-0.681319,10.753308,0.0
8,18,0,True,False,False,16.5917,16.2953,0.7852,4.0,0.9857,0.601,6.343742,8.19426,0.0
8,19,2,True,False,False,7.3936,11.699,0.6788,4.0,0.7158,0.5342,-6.737573,1.392981,0.0
8,20,6,True,False,False,18.9295,17.6286,0.7654,4.0,0.8662,0.5889,-2.485293,-1.214511,0.0
8,21,0,False,True,False,21.5845,18.7294,0.7732,8.0,0.9011,0.5947,10.876776,6.473491,0.0
8,22,0,False,True,False,16.5626,17.6325,0.6694,8.0,0.7713,0.57,-4.633982,-8.992425,0.0
8,23,4,False,True,False,8.7551,14.6083,0.5156,6.0,0.5821,0.4248,3.7334,-7.407344,0.0
8,24,6,False,True,False,7.73,15.4116,0.409,14.0,0.7642,0.4105,6.722356,0.545197,0.0
8,25,1,False,False,True,5.0928,9.2315,0.751,8.0,0.9622,0.5935,7.447391,2.824589,0.0
8,26,1,False,False,True,9.8164,14.8063,0.5627,12.0,0.8192,0.5392,-7.236235,-4.450746,0.0
8,27,5,False,False,True,29.8221,29.7212,0.4242,22.0,0.7471,0.5005,-4.135107,9.688598,0.0
8,28,2,False,False,True,6.9439,12.877,0.5262,14.0,0.6447,0.5184,-1.333863,-7.01192,0.0
8,29,2,False,False,True,22.29,38.3408,0.1905,10.0,0.5286,0.2238,6.940356,-9.608176,0.0
8,30,5,False,False,True,32.3866,32.552,0.3841,12.0,0.5695,0.4519,-10.154199,-4.110214,0.0
9,0,1,True,False,False,5.393,12.1517,0.459,10.0,0.7805,0.6142,-1.114372,5.494305,0.0
9,1,1,True,False,False,6.2157,10.3666,0.7268,8.0,0.8467,0.5759,4.069517,-7.226238,0.0
9,2,7,True,False,False,74.4689,52.6758,0.3373,19.0,0.8838,0.4501,9.395805,-0.57652,0.0
9,3,6,True,False,False,11.7679,20.2212,0.3617,4.0,0.9471,0.5201,4.040821,-0.007071,0.0
9,4,4,True,False,False,11.3851,13.5329,0.7812,4.0,0.9362,0.5991,-4.884737,-4.217038,0.0
9,5,0,True,False,False,22.4028,19.233,0.7611,4.0,0.8529,0.5867,3.733715,-11.865926,0.0
9,6,0,True,False,False,33.7045,26.2815,0.6132,10.0,0.6524,0.4965,8.969965,7.245442,0.0
9,7,3,True,False,False,16.0862,18.1602,0.6129,4.0,0.6512,0.4915,-9.481823,3.578411,0.0
9,8,5,True,False,False,13.0928,14.7844,0.7527,6.0,0.9707,0.5841,-5.554863,4.077834,0.0
9,9,2,True,False,False,13.7009,19.2165,0.4662,10.0,0.5571,0.3968,3.004781,7.855965,0.0
9,10,3,True,False,False,16.1236,18.1714,0.6136,4.0,0.6517,0.4919,-6.675628,10.999887,0.0
9,11,3,True,False,False,16.1205,18.1705,0.6136,4.0,0.6517,0.4919,-12.285834,-3.8221,0.0
9,12,6,True,False,False,3.9219,8.0541,0.7598,6.0,0.8524,0.5859,-1.436194,1.609288,0.0
9,13,6,True,False,False,0.9872,4.0703,0.7488,4.0,0.8226,0.5791,5.500174,-0.038129,0.0
9,14,0,True,False,False,13.6068,14.7926,0.7814,4.0,0.9377,0.5992,-0.739591,-10.172679,0.0
9,15,1,True,False,False,5.2407,9.5029,0.7293,8.0,0.9135,0.5812,1.131982,-6.151396,0.0
9,16,1,True,False,False,6.4258,12.3899,0.526,16.0,0.7434,0.4762,-4.700638,-0.996667,0.0
9,17,6,True,False,False,2.6083,6.4672,0.7837,6.0,0.9636,0.6026,-0.440066,3.271755,0.0
9,18,5,False,True,False,40.6186,29.2725,0.5957,12.0,0.8632,0.5833,-0.627971,10.021337,0.0
9,19,4,False,True,False,9.8754,13.2091,0.7112,8.0,0.7574,0.5557,-4.101658,6.954953,0.0
9,20,5,False,True,False,46.7922,33.6287,0.52,16.0,0.9042,0.5204,-8.157414,-5.839611,0.0
9,21,4,False,True,False,5.1612,10.2846,0.6132,8.0,0.6512,0.4941,-3.503359,2.395913,0.0
9,22,2,False,False,True,6.217,11.7547,0.5654,19.0,0.7445,0.4707,-2.700419,0.157254,0.0
9,23,2,False,False,True,20.3156,33.413,0.2287,16.0,0.8044,0.2652,-1.380539,-7.024289,0.0
9,24,2,False,False,True,18.5778,22.8602,0.4467,16.0,0.837,0.4085,1.176171,-0.08953,0.0
9,25,0,False,False,True,10.8643,13.217,0.7815,4.0,0.9386,0.5993,-7.155451,0.632861,0.0
9,26,0,False,False,True,8.0062,11.514,0.7589,4.0,0.847,0.5853,6.659234,-8.805107,0.0
10,0,2,True,False,False,7.2621,11.4362,0.6978,6.0,0.7593,0.5643,-0.599302,-6.255552,0.0
10,1,0,True,False,False,13.9179,15.0632,0.7708,4.0,0.8856,0.5902,3.426783,4.386215,0.0
10,2,0,True,False,False,13.2354,14.5542,0.7852,6.0,0.9919,0.5995,-8.184938,0.512933,0.0
10,3,1,True,False,False,6.2125,12.1326,0.5304,12.0,0.8069,0.5125,1.991243,0.690016,0.0
10,4,2,True,False,False,8.2844,14.1717,0.5184,8.0,0.838,0.4814,-0.700261,1.559681,0.0
10,5,4,True,False,False,10.5622,15.7655,0.534,14.0,0.8208,0.616,-4.966703,-4.689936,0.0
10,6,4,True,False,False,7.3856,11.0345,0.7622,6.0,0.8579,0.585,-6.210579,3.196772,0.0
10,7,0,True,False,False,14.1668,15.1012,0.7807,4.0,0.9331,0.5963,0.011521,5.809226,0.0
10,8,2,True,False,False,4.9288,10.7041,0.5406,12.0,0.5905,0.5257,-2.981235,-5.187766,0.0
10,9,4,True,False,False,12.38,14.0855,0.7841,8.0,0.9787,0.6,1.813043,-7.987244,0.0
10,10,2,True,False,False,4.6837,10.897,0.4957,4.0,0.5741,0.408,4.672858,0.828745,0.0
10,11,5,True,False,False,32.1886,28.3132,0.5046,18.0,0.5555,0.4436,6.389483,-5.182283,0.0
10,12,1,True,False,False,4.8965,8.8997,0.7769,4.0,0.9113,0.594,4.770049,-1.065944,0.0
10,13,2,True,False,False,12.3232,14.11,0.7778,8.0,0.9845,0.5978,-0.892609,-2.513859,0.0
10,14,6,True,False,False,1.0289,4.1378,0.7552,4.0,0.8393,0.5806,2.84319,-3.651396,0.0
10,15,1,True,False,False,4.425,9.633,0.5992,8.0,0.6277,0.5381,-5.585727,-0.029105,0.0
10,16,1,True,False,False,5.512,12.2119,0.4645,8.0,0.7938,0.6116,-3.73364,1.92636,0.0
10,17,5,True,False,False,17.1508,16.7285,0.7702,4.0,0.8831,0.5898,-9.040907,-3.248556,0.0
10,18,3,False,True,False,15.1985,19.0003,0.529,12.0,0.5966,0.4329,11.539152,1.068814,0.0
10,19,6,False,True,False,11.7375,20.272,0.3589,4.0,0.9462,0.5165,4.324791,-3.633446,0.0
10,20,5,False,True,False,24.7807,20.1152,0.7696,10.0,0.9189,0.5948,-4.176052,6.678174,0.0
10,21,3,False,False,True,15.8079,19.618,0.5161,12.0,0.5813,0.4315,-7.974104,7.422001,0.0
10,22,6,False,False,True,2.5389,6.3781,0.7843,4.0,0.9669,0.5985,-3.783992,-2.130029,0.0
10,23,0,False,False,True,12.1372,14.2309,0.7531,4.0,0.8344,0.5793,8.841799,2.308565,0.0
10,24,0,False,False,True,10.1104,13.2836,0.72,4.0,0.7723,0.5585,6.25061,3.30276,0.0
10,25,6,False,False,True,3.907,8.043,0.759,8.0,0.8553,0.584,-3.424406,-0.266295,0.0
11,0,2,True,False,False,8.4505,14.3131,0.5184,8.0,0.8387,0.4818,-0.710361,1.572555,0.0
11,1,4,True,False,False,7.5337,11.1446,0.7622,6.0,0.8574,0.5858,-6.277682,3.21857,0.0
11,2,5,True,False,False,32.834,28.5956,0.5046,18.0,0.5541,0.4446,6.46159,-5.223585,0.0
11,3,1,True,False,False,5.6226,12.3337,0.4645,8.0,0.7932,0.6126,-3.773971,1.939553,0.0
11,4,0,True,False,False,14.4509,15.2518,0.7807,4.0,0.9328,0.5972,0.002214,5.867162,0.0
11,5,5,True,False,False,17.4947,16.8954,0.7702,4.0,0.8827,0.5907,-9.125773,-3.295608,0.0
11,6,2,True,False,False,5.0277,10.8109,0.5406,12.0,0.5894,0.5268,-3.002927,-5.245329,0.0
11,7,2,True,False,False,7.4077,11.5503,0.6978,6.0,0.7585,0.5652,-0.594475,-6.317175,0.0
11,8,1,True,False,False,6.3371,12.2536,0.5304,12.0,0.8072,0.5131,2.010588,0.701727,0.0
11,9,5,True,False,False,25.2776,20.3159,0.7696,10.0,0.9185,0.5957,-4.228519,6.73798,0.0
11,10,3,True,False,False,15.5033,19.1898,0.529,12.0,0.5952,0.4338,11.65314,1.099965,0.0
11,11,2,True,False,False,4.7777,11.0057,0.4957,4.0,0.5727,0.4089,4.718101,0.844587,0.0
11,12,0,True,False,False,14.197,15.2135,0.7708,4.0,0.8851,0.5911,3.453833,4.435503,0.0
11,13,6,True,False,False,1.0496,4.1791,0.7552,4.0,0.8387,0.5814,2.877459,-3.683188,0.0
11,14,1,True,False,False,4.9948,8.9886,0.7769,4.0,0.9109,0.5948,4.819334,-1.068834,0.0
11,15,3,True,False,False,16.1249,19.8137,0.5161,12.0,0.5799,0.4324,-8.066336,7.481248,0.0
11,16,4,True,False,False,12.6283,14.2261,0.7841,8.0,0.9787,0.6008,1.842931,-8.066928,0.0
11,17,2,True,False,False,12.5703,14.2508,0.7778,8.0,0.9845,0.5987,-0.898601,-2.543433,0.0
11,18,6,False,True,False,11.973,20.4742,0.3589,4.0,0.946,0.5172,4.372888,-3.665048,0.0
11,19,6,False,True,False,2.5898,6.4418,0.7843,4.0,0.9667,0.5994,-3.818263,-2.157402,0.0
11,20,4,False,True,False,10.774,15.9227,0.534,14.0,0.8205,0.6171,-5.00908,-4.745986,0.0
11,21,0,False,False,True,13.5008,14.6994,0.7852,6.0,0.9919,0.6004,-8.267372,0.504771,0.0
11,22,1,False,False,True,4.5138,9.7291,0.5993,8.0,0.6266,0.5392,-5.640978,-0.037433,0.0
11,23,0,False,False,True,10.3132,13.4161,0.72,4.0,0.7714,0.5594,6.30757,3.345827,0.0
11,24,6,False,False,True,3.9853,8.1233,0.759,8.0,0.8547,0.5849,-3.458115,-0.274504,0.0
11,25,0,False,False,True,12.3806,14.3729,0.7531,4.0,0.8337,0.5802,8.926205,2.345922,0.0
12,0,3,True,False,False,14.7241,18.6042,0.5346,10.0,0.5972,0.4462,-6.566487,11.40952,0.0
12,1,0,True,False,False,14.5767,15.3184,0.7806,4.0,0.9319,0.5994,1.515169,9.844585,0.0
12,2,0,True,False,False,13.8635,14.9256,0.782,4.0,0.9424,0.6003,-5.41692,-8.652019,0.0
12,3,1,True,False,False,4.764,9.5203,0.6605,8.0,0.6553,0.5865,-0.649691,-6.393652,0.0
12,4,4,True,False,False,11.8772,14.1754,0.7428,8.0,0.8208,0.5801,-5.653176,-4.022502,0.0
12,5,2,True,False,False,7.6586,15.4539,0.403,12.0,0.878,0.4306,3.222703,4.696186,0.0
12,6,6,True,False,False,2.6801,6.5561,0.7835,6.0,0.9573,0.6016,-2.24596,1.774373,0.0
12,7,1,True,False,False,5.6654,12.3816,0.4644,8.0,0.7892,0.6163,-2.27211,5.883165,0.0
12,8,0,True,False,False,11.1183,13.4193,0.7759,8.0,0.9217,0.5969,8.025616,-1.089741,0.0
12,9,2,True,False,False,8.1529,14.7356,0.4718,18.0,0.5545,0.4487,1.603834,-1.381545,0.0
12,10,0,True,False,False,11.1851,13.4218,0.7802,8.0,0.9373,0.5998,-8.349235,0.943089,0.0
12,11,0,True,False,False,19.6483,18.8705,0.6934,14.0,0.9022,0.5974,-6.066457,4.216886,0.0
12,12,1,True,False,False,5.7199,12.3777,0.4692,8.0,0.9064,0.5767,5.667017,3.574965,0.0
12,13,1,True,False,False,4.6014,9.0567,0.7049,10.0,0.7339,0.6197,-3.80583,0.182911,0.0
12,14,3,True,False,False,15.3414,19.2985,0.5176,14.0,0.6107,0.4452,-12.429256,-4.187898,0.0
12,15,4,True,False,False,9.6422,13.4509,0.6697,14.0,0.8471,0.5953,3.084066,-5.397779,0.0
12,16,6,True,False,False,1.0052,4.109,0.7481,4.0,0.8206,0.5794,4.43465,0.29886,0.0
12,17,4,True,False,False,7.4399,11.0686,0.7631,4.0,0.8584,0.5887,-4.734252,7.232451,0.0
12,18,3,True,False,False,15.779,19.8322,0.5041,14.0,0.6108,0.4321,13.191847,5.150404,0.0
12,19,0,True,False,False,15.0936,15.8738,0.7527,4.0,0.8311,0.5823,-1.846962,-9.569477,0.0
12,20,6,True,False,False,4.0551,8.1968,0.7584,6.0,0.8495,0.587,-1.90595,3.670831,0.0
12,21,4,True,False,False,8.8098,12.1926,0.7447,4.0,0.8133,0.5773,8.445968,2.292041,0.0
12,22,5,True,False,False,25.2909,20.2975,0.7714,12.0,0.9187,0.5994,-2.723068,10.683548,0.0
12,23,0,False,True,False,16.5071,16.2534,0.7852,4.0,0.9865,0.6022,5.381908,8.388908,0.0
12,24,3,False,True,False,15.9767,19.8216,0.511,14.0,0.578,0.433,6.740798,-10.215995,0.0
12,25,1,False,True,False,7.1947,13.0754,0.5288,14.0,0.9953,0.5846,0.429851,-4.47807,0.0
12,26,1,False,True,False,8.0852,12.2807,0.6737,8.0,0.6772,0.571,-3.360988,-5.295948,0.0
12,27,6,False,True,False,12.0798,20.4272,0.3638,4.0,0.9489,0.522,5.920828,0.298093,0.0
12,28,5,False,False,True,32.3725,26.269,0.5895,18.0,0.6797,0.5865,-8.74565,-3.543616,0.0
12,29,5,False,False,True,47.1083,35.5966,0.4672,26.0,0.8276,0.4121,2.604535,-9.806205,0.0
12,30,2,False,False,True,12.5845,14.241,0.7798,8.0,0.9928,0.6021,0.660102,1.394983,0.0
12,31,2,False,False,True,13.2317,22.7356,0.3217,18.0,0.7512,0.3765,-5.865146,-0.681781,0.0
12,32,2,False,False,True,8.5763,14.4712,0.5146,8.0,0.8439,0.4798,0.77408,5.428283,0.0
12,33,5,False,False,True,25.6543,20.4117,0.7738,12.0,0.934,0.5966,9.637821,6.752857,0.0
13,0,1,True,False,False,5.5706,12.2766,0.4645,8.0,0.7949,0.6097,-3.74756,1.94788,0.0
13,1,5,True,False,False,17.3332,16.8173,0.7702,4.0,0.884,0.5882,-9.098716,-3.23812,0.0
13,2,0,True,False,False,14.3175,15.1813,0.7807,4.0,0.9336,0.5947,0.029342,5.839955,0.0
13,3,6,True,False,False,2.5659,6.4119,0.7843,4.0,0.9671,0.5969,-3.810543,-2.12974,0.0
13,4,1,True,False,False,4.4721,9.6841,0.5993,8.0,0.6298,0.5361,-5.616137,-0.014096,0.0
13,5,1,True,False,False,4.9486,8.947,0.7769,4.0,0.9119,0.5923,4.792051,-1.086172,0.0
13,6,0,True,False,False,10.218,13.354,0.72,4.0,0.7739,0.5569,6.293808,3.301142,0.0
13,7,6,True,False,False,11.8624,20.3795,0.3589,4.0,0.9467,0.5151,4.338331,-3.661401,0.0
13,8,2,True,False,False,8.3725,14.2469,0.5184,8.0,0.8366,0.4808,-0.698083,1.572971,0.0
13,9,5,True,False,False,25.0442,20.2219,0.7696,10.0,0.9194,0.5932,-4.177751,6.726306,0.0
13,10,0,True,False,False,13.3762,14.6314,0.7852,6.0,0.992,0.5979,-8.226715,0.540672,0.0
13,11,4,True,False,False,7.4642,11.0931,0.7622,6.0,0.859,0.5833,-6.233695,3.232688,0.0
13,12,2,True,False,False,4.7335,10.9548,0.4957,4.0,0.5769,0.4064,4.700138,0.818848,0.0
13,13,4,True,False,False,12.5117,14.1602,0.7841,8.0,0.9789,0.5984,1.800406,-8.029456,0.0
13,14,3,True,False,False,15.3602,19.101,0.529,12.0,0.5992,0.4313,11.602226,1.035837,0.0
13,15,2,True,False,False,4.9812,10.7609,0.5406,12.0,0.5926,0.5235,-3.012154,-5.20424,0.0
13,16,6,True,False,False,3.9485,8.0857,0.759,8.0,0.8564,0.5824,-3.443355,-0.257236,0.0
13,17,2,True,False,False,7.3393,11.4969,0.6978,6.0,0.7609,0.5625,-0.622847,-6.290068,0.0
13,18,0,False,True,False,14.066,15.1431,0.7708,4.0,0.8864,0.5886,3.45834,4.398967,0.0
13,19,1,False,True,False,6.2785,12.1969,0.5304,12.0,0.8062,0.5115,2.002734,0.684577,0.0
13,20,5,False,True,False,32.5308,28.4633,0.5046,18.0,0.5581,0.4418,6.407477,-5.229261,0.0
13,21,2,False,False,True,12.4543,14.1849,0.7778,8.0,0.9846,0.5962,-0.902782,-2.51866,0.0
13,22,6,False,False,True,1.0399,4.1598,0.7552,4.0,0.8405,0.5789,2.847084,-3.679425,0.0
13,23,0,False,False,True,12.2663,14.3064,0.7531,4.0,0.8356,0.5777,8.895681,2.293759,0.0
13,24,4,False,False,True,10.6745,15.8491,0.534,14.0,0.8214,0.6141,-5.006447,-4.697281,0.0
13,25,3,False,False,True,15.976,19.7221,0.5161,12.0,0.5838,0.4299,-7.992314,7.489115,0.0
14,0,0,True,False,False,8.1773,11.6364,0.7589,4.0,0.8498,0.5814,6.664481,-8.947841,0.0
14,1,2,True,False,False,6.35,11.8797,0.5654,16.0,0.7504,0.4676,-2.723398,0.190524,0.0
14,2,6,True,False,False,12.0195,20.436,0.3617,4.0,0.9481,0.5167,4.079358,-0.048081,0.0
14,3,7,True,False,False,76.0605,53.2356,0.3373,19.0,0.8859,0.447,9.437145,-0.260702,0.0
14,4,2,True,False,False,18.9749,23.1032,0.4467,16.0,0.8436,0.4064,1.19064,-0.092313,0.0
14,5,2,True,False,False,20.75,33.7681,0.2287,16.0,0.8025,0.2651,-1.475882,-7.080473,0.0
14,6,3,True,False,False,16.4683,18.3646,0.6136,4.0,0.6574,0.4878,-6.664764,11.166004,0.0
14,7,1,True,False,False,5.3528,9.6039,0.7293,8.0,0.9163,0.5777,1.098337,-6.224992,0.0
14,8,0,True,False,False,13.8977,14.9499,0.7814,4.0,0.9389,0.5952,-0.822909,-10.275008,0.0
14,9,3,True,False,False,16.4651,18.3636,0.6136,4.0,0.6573,0.4878,-12.444408,-3.77145,0.0
14,10,1,True,False,False,6.3486,10.4768,0.7268,8.0,0.8502,0.5722,4.059031,-7.333023,0.0
14,11,0,True,False,False,11.0965,13.3576,0.7815,4.0,0.9398,0.5953,-7.226594,0.692661,0.0
14,12,6,True,False,False,2.6641,6.536,0.7837,6.0,0.9643,0.5986,-0.420454,3.309697,0.0
14,13,0,True,False,False,22.8816,19.4375,0.7611,4.0,0.8556,0.5827,3.685244,-12.019393,0.0
14,14,5,True,False,False,47.7923,33.986,0.52,16.0,0.902,0.5181,-8.305475,-5.855344,0.0
14,15,4,True,False,False,11.6285,13.6768,0.7812,4.0,0.9374,0.5951,-4.967799,-4.225489,0.0
14,16,1,True,False,False,6.5633,12.5217,0.526,16.0,0.7491,0.473,-4.776611,-0.967414,0.0
14,17,2,True,False,False,13.9938,19.4208,0.4662,10.0,0.5639,0.3929,3.092228,7.909981,0.0
14,18,4,False,True,False,10.1348,13.3717,0.7123,8.0,0.763,0.5523,-4.093534,7.059078,0.0
14,19,0,False,True,False,34.4249,26.5609,0.6132,10.0,0.6577,0.4924,9.159276,7.254817,0.0
14,20,1,False,True,False,5.5083,12.2809,0.459,10.0,0.783,0.6097,-1.08551,5.560563,0.0
14,21,5,False,True,False,41.4385,29.5615,0.5959,12.0,0.866,0.5789,-0.550369,10.157796,0.0
14,22,4,False,False,True,5.4359,10.4804,0.6219,8.0,0.6642,0.4958,-3.542855,2.455095,0.0
14,23,5,False,False,True,13.2087,14.8554,0.7521,6.0,0.9656,0.5801,-5.603573,4.170044,0.0
14,24,6,False,False,True,4.0058,8.1397,0.7598,6.0,0.8551,0.582,-1.439475,1.637001,0.0
14,25,3,False,False,True,16.43,18.3532,0.6129,4.0,0.6568,0.4874,-9.555767,3.686692,0.0
14,26,6,False,False,True,1.0083,4.1136,0.7488,4.0,0.8258,0.5751,5.558186,-0.079344,0.0
15,0,2,True,False,False,20.2966,33.3974,0.2287,16.0,0.8044,0.2652,-1.207585,-7.087532,0.0
15,1,6,True,False,False,11.7569,20.2117,0.3617,4.0,0.9471,0.5201,4.212185,-0.074313,0.0
15,2,5,True,False,False,40.5037,29.2299,0.5957,12.0,0.8639,0.5833,-0.460287,9.950281,0.0
15,3,1,True,False,False,6.2099,10.3617,0.7268,8.0,0.8468,0.5759,4.240264,-7.289979,0.0
15,4,4,True,False,False,11.3744,13.5266,0.7812,4.0,0.9362,0.599,-4.709536,-4.281373,0.0
15,5,5,True,False,False,14.8145,15.699,0.7554,6.0,0.9751,0.5857,-5.163168,3.928119,0.0
15,6,3,True,False,False,18.8976,18.9862,0.6588,4.0,0.6935,0.5217,-12.307561,-3.816461,0.0
15,7,7,True,False,False,74.484,52.6976,0.337,16.0,0.8843,0.45,9.565572,-0.641461,0.0
15,8,1,True,False,False,6.5001,12.3797,0.533,16.0,0.7435,0.4821,-4.498019,-1.086724,0.0
15,9,2,True,False,False,13.6993,19.1232,0.4707,10.0,0.5569,0.3969,3.145907,7.794476,0.0
15,10,6,True,False,False,0.9863,4.0684,0.7488,4.0,0.8226,0.579,5.670904,-0.105355,0.0
15,11,4,True,False,False,9.8727,13.2059,0.7114,8.0,0.7576,0.5558,-3.925811,6.885331,0.0
15,12,0,True,False,False,7.9987,11.5086,0.7589,4.0,0.8471,0.5853,6.82863,-8.868345,0.0
15,13,2,True,False,False,18.4815,23.3071,0.4275,16.0,0.837,0.4067,1.741502,-0.076057,0.0
15,14,0,True,False,False,33.7326,26.3741,0.6094,10.0,0.6493,0.4949,9.140426,7.174498,0.0
15,15,6,True,False,False,2.6289,6.4909,0.7841,4.0,0.9641,0.6008,-0.960787,1.369194,0.0
15,16,3,True,False,False,18.9286,18.9955,0.6592,4.0,0.694,0.522,-9.504536,3.593264,0.0
15,17,2,True,False,False,5.8334,11.8691,0.5203,24.0,0.6562,0.5022,-3.041708,0.330495,0.0
15,18,3,False,True,False,18.9762,19.0235,0.6589,4.0,0.6937,0.5218,-6.699425,11.004794,0.0
15,19,0,False,True,False,22.3819,19.224,0.7611,4.0,0.853,0.5866,3.904199,-11.92747,0.0
15,20,1,False,True,False,5.3879,12.146,0.459,10.0,0.7805,0.6142,-0.940053,5.425092,0.0
15,21,5,False,True,False,46.7485,33.613,0.52,16.0,0.9042,0.5204,-7.981056,-5.903068,0.0
15,22,6,False,False,True,3.9007,8.0313,0.76,4.0,0.8499,0.5859,-0.616534,3.246878,0.0
15,23,0,False,False,True,13.5941,14.7857,0.7814,4.0,0.9377,0.5991,-0.566864,-10.234608,0.0
15,24,0,False,False,True,10.8541,13.2109,0.7815,4.0,0.9386,0.5992,-6.97875,0.566467,0.0
15,25,4,False,False,True,3.4237,9.3545,0.4917,6.0,0.5695,0.4076,-2.56643,3.686986,0.0
15,26,1,False,False,True,5.2358,9.4984,0.7293,8.0,0.9136,0.5812,1.304198,-6.215372,0.0
16,0,0,True,False,False,18.3233,18.3039,0.6873,8.0,0.7652,0.5599,-4.853819,3.934586,0.0
16,1,1,True,False,False,4.9564,9.0957,0.7528,8.0,0.9628,0.5952,7.182639,2.819457,0.0
16,2,0,True,False,False,16.7042,17.7234,0.6683,8.0,0.782,0.5749,-4.794143,-8.884118,0.0
16,3,1,True,False,False,6.8724,13.6991,0.4602,14.0,0.7441,0.5985,-7.352349,-4.40306,0.0
16,4,2,True,False,False,26.5653,42.7887,0.1823,22.0,0.9159,0.1847,11.829431,4.160314,0.0
16,5,2,True,False,False,9.8463,14.2768,0.607,6.0,0.6407,0.5,-7.231132,2.023071,0.0
16,6,5,True,False,False,35.2632,34.1324,0.3804,14.0,0.6338,0.4732,-10.185854,-4.27028,0.0
16,7,2,True,False,False,18.6015,24.6703,0.3841,16.0,0.4875,0.4322,1.904689,-0.952441,0.0
16,8,0,True,False,False,15.1911,15.6061,0.7838,4.0,0.9601,0.6014,5.985383,8.138286,0.0
16,9,3,True,False,False,16.0613,18.1321,0.6139,4.0,0.6509,0.4929,-12.58689,-3.708655,0.0
16,10,1,True,False,False,7.4981,14.4068,0.454,16.0,0.7696,0.6049,-2.754275,-4.4383,0.0
16,11,4,True,False,False,5.1531,10.0016,0.6474,4.0,0.6811,0.515,-5.42008,-2.168594,0.0
16,12,6,True,False,False,8.5722,17.045,0.3708,16.0,0.7644,0.4724,6.495242,0.55881,0.0
16,13,3,True,False,False,16.005,18.1152,0.6129,4.0,0.6501,0.4922,-6.997917,11.105951,0.0
16,14,2,True,False,False,15.5996,26.9837,0.2692,14.0,0.4715,0.3471,3.165025,5.938491,0.0
16,15,0,True,False,False,21.2451,23.3429,0.49,8.0,0.5886,0.4828,9.755056,5.101835,0.0
16,16,5,True,False,False,28.7993,29.25,0.423,22.0,0.7475,0.4994,-4.21372,9.538786,0.0
16,17,6,True,False,False,0.9703,4.0384,0.7477,4.0,0.8195,0.5791,5.188384,0.088593,0.0
16,18,1,True,False,False,4.7932,11.4407,0.4602,8.0,0.8267,0.5699,4.011959,3.72174,0.0
16,19,4,True,False,False,11.3514,13.8714,0.7413,6.0,0.8067,0.5753,-0.822886,10.591584,0.0
16,20,7,True,False,False,30.8025,26.9213,0.5341,8.0,0.7309,0.5332,4.851249,-5.878322,0.0
16,21,4,False,True,False,11.1329,14.205,0.6933,8.0,0.8849,0.5643,1.439532,-9.435384,0.0
16,22,6,False,True,False,2.6348,6.5011,0.7834,4.0,0.9552,0.6011,-0.762343,3.361962,0.0
16,23,0,False,True,False,14.1352,15.0881,0.7803,4.0,0.9294,0.5992,2.287661,9.532164,0.0
16,24,5,False,True,False,28.058,25.7945,0.5299,8.0,0.7238,0.4939,2.530058,-11.633862,0.0
16,25,6,False,False,True,13.73,14.823,0.7852,4.0,0.9876,0.6023,-1.97519,-1.3908,0.0
16,26,6,False,False,True,3.9124,8.0481,0.7591,6.0,0.8495,0.5862,-1.743695,1.735659,0.0
16,27,7,False,False,True,5.5123,9.7937,0.7222,10.0,0.8128,0.6342,-0.896326,5.877919,0.0
16,28,7,False,False,True,2.8043,7.1242,0.6943,4.0,0.733,0.5455,5.491776,-1.25572,0.0
16,29,2,False,False,True,14.7461,22.1211,0.3787,28.0,0.7005,0.5024,-1.581199,-9.322314,0.0
17,0,2,True,False,False,12.5857,14.2417,0.7798,8.0,0.9927,0.6034,0.655399,1.392259,0.0
17,1,0,True,False,False,15.095,15.8745,0.7527,4.0,0.8301,0.5835,-1.825544,-9.574044,0.0
17,2,4,True,False,False,7.4406,11.0692,0.7631,4.0,0.8576,0.5899,-4.750707,7.22213,0.0
17,3,4,True,False,False,11.8783,14.176,0.7428,8.0,0.8198,0.5814,-5.644386,-4.035378,0.0
17,4,1,True,False,False,5.7205,12.3782,0.4692,8.0,0.9056,0.5778,5.658817,3.586743,0.0
17,5,0,True,False,False,13.8648,14.9263,0.782,4.0,0.942,0.6015,-5.397718,-8.664566,0.0
17,6,5,True,False,False,47.1126,35.5983,0.4672,26.0,0.8256,0.4128,2.625302,-9.80446,0.0
17,7,3,True,False,False,15.9782,19.8225,0.511,14.0,0.5761,0.4342,6.764997,-10.198751,0.0
17,8,4,True,False,False,9.6431,13.4515,0.6697,14.0,0.8461,0.5962,3.096327,-5.391086,0.0
17,9,5,True,False,False,32.3755,26.2702,0.5895,18.0,0.6783,0.5882,-8.737064,-3.560732,0.0
17,10,0,True,False,False,11.1193,13.4199,0.7759,8.0,0.9213,0.5982,8.028409,-1.071772,0.0
17,11,0,True,False,False,11.1861,13.4224,0.7802,8.0,0.9369,0.601,-8.351717,0.924373,0.0
17,12,3,True,False,False,15.3428,19.2994,0.5176,14.0,0.6088,0.4465,-12.421327,-4.218509,0.0
17,13,1,True,False,False,4.7644,9.5207,0.6605,8.0,0.6539,0.5881,-0.635355,-6.39539,0.0
17,14,1,True,False,False,4.6018,9.0571,0.7049,10.0,0.7328,0.6213,-3.806407,0.174369,0.0
17,15,6,True,False,False,4.0555,8.1972,0.7584,6.0,0.8487,0.5882,-1.91428,3.666709,0.0
17,16,5,True,False,False,25.2932,20.2984,0.7714,12.0,0.9182,0.6006,-2.747188,10.677896,0.0
17,17,1,True,False,False,7.1953,13.076,0.5288,14.0,0.9969,0.5854,0.439173,-4.479321,0.0
17,18,1,True,False,False,5.6659,12.3822,0.4644,8.0,0.7884,0.6178,-2.285392,5.878407,0.0
17,19,3,True,False,False,14.7255,18.6051,0.5346,10.0,0.5953,0.4474,-6.593326,11.392809,0.0
17,20,2,True,False,False,8.1536,14.7363,0.4718,18.0,0.5528,0.4501,1.613134,-1.379439,0.0
17,21,2,True,False,False,7.6593,15.4546,0.403,12.0,0.8787,0.4312,3.213858,4.707813,0.0
17,22,0,True,False,False,19.6501,18.8714,0.6934,14.0,0.9012,0.5988,-6.073914,4.209534,0.0
17,23,6,False,True,False,1.0053,4.1092,0.7481,4.0,0.8196,0.5806,4.434172,0.308836,0.0
17,24,6,False,True,False,12.0809,20.4282,0.3638,4.0,0.9486,0.5231,5.919166,0.308068,0.0
17,25,6,False,True,False,2.6804,6.5564,0.7835,6.0,0.957,0.6028,-2.250044,1.769405,0.0
17,26,2,False,True,False,13.2329,22.7367,0.3217,18.0,0.7499,0.3774,-5.858455,-0.696141,0.0
17,27,0,False,True,False,14.578,15.3191,0.7806,4.0,0.9315,0.6007,1.493118,9.848419,0.0
17,28,1,False,False,True,8.086,12.2813,0.6737,8.0,0.6757,0.5724,-3.349236,-5.30373,0.0
17,29,5,False,False,True,25.6566,20.4126,0.7738,12.0,0.9336,0.5979,9.623069,6.774801,0.0
17,30,0,False,False,True,16.5086,16.2541,0.7852,4.0,0.9865,0.6035,5.363296,8.401365,0.0
17,31,2,False,False,True,8.5771,14.4719,0.5146,8.0,0.8449,0.4803,0.761111,5.428103,0.0
17,32,4,False,False,True,8.8106,12.1932,0.7447,4.0,0.8122,0.5785,8.441187,2.311116,0.0
17,33,3,False,False,True,15.7805,19.8331,0.5041,14.0,0.6088,0.4334,13.181803,5.18281,0.0
18,0,4,True,False,False,17.9201,17.7967,0.711,10.0,0.7533,0.5621,3.52541,-8.116858,0.0
18,1,6,True,False,False,4.0832,8.2097,0.7613,4.0,0.8506,0.5916,-1.017119,3.450669,0.0
18,2,0,True,False,False,12.264,14.0489,0.7808,4.0,0.932,0.6035,-1.012628,-10.335039,0.0
18,3,2,True,False,False,6.9374,12.8709,0.5262,14.0,0.6444,0.5207,-1.270166,-7.02981,0.0
18,4,5,True,False,False,31.7266,32.2035,0.3844,12.0,0.5691,0.4446,-10.095074,-4.163243,0.0
18,5,4,True,False,False,11.6804,14.0617,0.7423,6.0,0.8054,0.58,-0.782625,10.741359,0.0
18,6,0,True,False,False,21.5643,18.7207,0.7732,8.0,0.8987,0.5999,10.810008,6.572997,0.0
18,7,1,True,False,False,4.8909,11.5882,0.4577,8.0,0.8187,0.5724,4.189539,3.800242,0.0
18,8,0,True,False,False,16.5762,16.2876,0.7852,4.0,0.9854,0.6062,6.26303,8.250032,0.0
18,9,6,True,False,False,18.9118,17.6203,0.7654,4.0,0.8631,0.5941,-2.472539,-1.237383,0.0
18,10,1,True,False,False,9.8072,14.7994,0.5627,12.0,0.8223,0.5411,-7.192873,-4.52343,0.0
18,11,4,True,False,False,6.7214,11.1249,0.6825,6.0,0.7145,0.5433,-6.519685,-1.269438,0.0
18,12,1,True,False,False,7.2521,14.263,0.448,16.0,0.7878,0.6122,-2.543602,-4.601549,0.0
18,13,6,True,False,False,7.7227,15.4044,0.409,14.0,0.7669,0.4121,6.711608,0.597852,0.0
18,14,0,True,False,False,16.5471,17.6243,0.6694,8.0,0.7697,0.574,-4.5466,-9.031626,0.0
18,15,2,True,False,False,19.156,25.0957,0.3822,16.0,0.485,0.4318,2.091537,-0.980197,0.0
18,16,3,True,False,False,19.5397,19.3291,0.6572,4.0,0.6859,0.5256,-7.271324,11.291846,0.0
18,17,7,True,False,False,5.6802,9.9526,0.7206,10.0,0.8058,0.6406,-0.817974,5.960022,0.0
18,18,2,True,False,False,7.3867,11.6935,0.6788,4.0,0.7096,0.5396,-6.74729,1.328575,0.0
18,19,2,True,False,False,22.2692,38.3229,0.1905,10.0,0.5304,0.2238,7.025461,-9.543526,0.0
18,20,2,True,False,False,16.0091,27.4346,0.2673,14.0,0.4634,0.349,3.313899,6.025883,0.0
18,21,6,False,True,False,1.0757,4.2224,0.7582,4.0,0.8419,0.5896,5.413473,0.115633,0.0
18,22,5,False,True,False,17.9563,16.9818,0.7825,4.0,0.9451,0.6045,2.898639,-11.668175,0.0
18,23,5,False,True,False,29.7942,29.7073,0.4242,22.0,0.7468,0.5021,-4.222637,9.64981,0.0
18,24,3,False,True,False,19.5457,19.3119,0.6586,4.0,0.6874,0.5265,-12.85271,-3.829646,0.0
18,25,7,False,False,True,15.2882,16.8359,0.6778,4.0,0.7084,0.5389,4.653639,-5.086879,0.0
18,26,1,False,False,True,5.088,9.2272,0.751,8.0,0.9599,0.5983,7.416875,2.893545,0.0
18,27,0,False,False,True,14.6047,15.3345,0.7805,4.0,0.9296,0.6033,2.388319,9.679118,0.0
18,28,0,False,False,True,19.0647,18.6545,0.6885,8.0,0.8868,0.598,-5.180948,4.004886,0.0
18,29,7,False,False,True,26.6885,27.7623,0.4351,20.0,0.9812,0.419,9.719613,0.543581,0.0
18,30,6,False,False,True,2.717,6.6024,0.7832,4.0,0.9528,0.605,-1.349506,1.54158,0.0
19,0,6,True,False,False,0.9895,4.075,0.7488,4.0,0.8218,0.5801,5.680287,-0.094618,0.0
19,1,5,True,False,False,46.9002,33.6675,0.52,16.0,0.9047,0.521,-7.977859,-5.924248,0.0
19,2,6,True,False,False,2.6374,6.5014,0.7841,4.0,0.9639,0.6018,-0.964976,1.369562,0.0
19,3,3,True,False,False,18.99,19.0263,0.6592,4.0,0.6926,0.523,-9.526833,3.580799,0.0
19,4,2,True,False,False,13.7326,19.2387,0.4662,10.0,0.5554,0.3978,3.168206,7.805708,0.0
19,5,1,True,False,False,6.2301,10.3785,0.7268,8.0,0.8458,0.5769,4.261151,-7.293624,0.0
19,6,2,True,False,False,5.8522,11.9007,0.5193,24.0,0.6551,0.5028,-3.047268,0.32518,0.0
19,7,1,True,False,False,5.2528,9.5138,0.7293,8.0,0.9128,0.5821,1.318265,-6.222925,0.0
19,8,0,True,False,False,8.0247,11.5273,0.7589,4.0,0.8463,0.5863,6.856742,-8.869566,0.0
19,9,0,True,False,False,33.7823,26.3119,0.6132,10.0,0.651,0.4975,9.126696,7.203769,0.0
19,10,4,True,False,False,3.6545,9.4862,0.5103,6.0,0.5789,0.4219,-2.608464,3.688949,0.0
19,11,5,True,False,False,14.6428,15.6078,0.7554,6.0,0.9813,0.5867,-5.206355,3.934813,0.0
19,12,0,True,False,False,13.6382,14.8097,0.7814,4.0,0.9374,0.6002,-0.548096,-10.252266,0.0
19,13,1,True,False,False,6.5212,12.3998,0.533,16.0,0.742,0.483,-4.498196,-1.098343,0.0
19,14,4,True,False,False,11.4114,13.5485,0.7812,4.0,0.9359,0.6001,-4.708925,-4.297362,0.0
19,15,7,True,False,False,74.7257,52.783,0.337,16.0,0.8838,0.4508,9.58013,-0.629838,0.0
19,16,6,True,False,False,3.9134,8.0443,0.76,4.0,0.8492,0.587,-0.623778,3.250949,0.0
19,17,2,True,False,False,20.3625,33.4515,0.2287,16.0,0.8049,0.2653,-1.188304,-7.103406,0.0
19,18,1,False,True,False,5.4054,12.1657,0.459,10.0,0.7799,0.6154,-0.951987,5.432127,0.0
19,19,0,False,True,False,22.4545,19.2552,0.7611,4.0,0.8523,0.5877,3.933462,-11.939268,0.0
19,20,6,False,True,False,11.7951,20.2445,0.3617,4.0,0.9469,0.521,4.220214,-0.063497,0.0
19,21,3,False,True,False,18.959,19.017,0.6588,4.0,0.6922,0.5228,-12.320144,-3.846312,0.0
19,22,5,False,False,True,40.6699,29.2866,0.5959,12.0,0.8629,0.5839,-0.475719,9.958888,0.0
19,23,0,False,False,True,10.8894,13.2323,0.7815,4.0,0.9383,0.6003,-6.991137,0.553961,0.0
19,24,4,False,False,True,9.9407,13.244,0.7122,8.0,0.7577,0.5573,-3.945409,6.888928,0.0
19,25,3,False,False,True,19.0378,19.0544,0.6589,4.0,0.6923,0.5229,-6.731438,11.009722,0.0
19,26,2,False,False,True,18.5415,23.3449,0.4275,16.0,0.8353,0.4073,1.742992,-0.076748,0.0
20,0,0,True,False,False,21.2221,23.3303,0.49,8.0,0.5902,0.4807,9.792556,5.036269,0.0
20,1,7,True,False,False,5.5063,9.7884,0.7222,10.0,0.8155,0.6292,-0.85546,5.870409,0.0
20,2,6,True,False,False,2.6319,6.4976,0.7834,4.0,0.956,0.5971,-0.736409,3.365827,0.0
20,3,1,True,False,False,4.951,9.0908,0.7528,8.0,0.9646,0.5915,7.199926,2.763373,0.0
20,4,2,True,False,False,13.7152,14.815,0.7852,4.0,0.9879,0.5982,-1.984612,-1.375026,0.0
20,5,4,True,False,False,10.4861,12.9908,0.7808,6.0,0.9809,0.5954,1.715507,-9.562175,0.0
20,6,5,True,False,False,35.5324,32.4697,0.4235,17.0,0.6276,0.4981,-0.363196,-11.30568,0.0
20,7,6,True,False,False,3.9082,8.0437,0.7591,6.0,0.8523,0.5821,-1.729537,1.747894,0.0
20,8,1,True,False,False,4.788,11.4345,0.4602,8.0,0.8299,0.5659,4.037775,3.688871,0.0
20,9,1,True,False,False,7.49,14.399,0.454,16.0,0.7735,0.6003,-2.78629,-4.414684,0.0
20,10,2,True,False,False,8.5629,17.0358,0.3708,16.0,0.7623,0.471,6.497099,0.517818,0.0
20,11,7,True,False,False,30.7692,26.9067,0.5341,8.0,0.7281,0.5321,4.806383,-5.90532,0.0
20,12,0,True,False,False,14.1199,15.08,0.7803,4.0,0.9308,0.5951,2.358652,9.509376,0.0
20,13,2,True,False,False,4.3904,8.4532,0.7721,4.0,0.8931,0.5907,-4.844313,0.699673,0.0
20,14,4,True,False,False,8.4135,11.8379,0.7545,4.0,0.8353,0.5803,-5.862325,-1.962381,0.0
20,15,2,True,False,False,18.5813,24.657,0.3841,16.0,0.489,0.4307,1.894521,-0.971162,0.0
20,16,0,True,False,False,16.6861,17.7138,0.6683,8.0,0.7827,0.5719,-4.858789,-8.84269,0.0
20,17,3,True,False,False,15.9877,18.1054,0.6129,4.0,0.6559,0.4879,-6.909694,11.152692,0.0
20,18,7,True,False,False,2.8012,7.1203,0.6943,4.0,0.7376,0.5412,5.47912,-1.296655,0.0
20,19,5,True,False,False,28.7681,29.2342,0.423,22.0,0.7478,0.4981,-4.140571,9.561156,0.0
20,20,1,True,False,False,6.8649,13.6916,0.4602,14.0,0.7484,0.5939,-7.385564,-4.355193,0.0
20,21,2,False,True,False,7.8787,14.6839,0.4592,22.0,0.7148,0.5364,-1.412885,-7.114976,0.0
20,22,0,False,True,False,15.1746,15.5976,0.7838,4.0,0.9609,0.5973,6.043693,8.088248,0.0
20,23,4,False,True,False,11.3391,13.8639,0.7413,6.0,0.8102,0.5712,-0.742086,10.591785,0.0
20,24,5,False,True,False,37.4207,36.2517,0.3578,16.0,0.5337,0.4363,-10.155057,-4.041816,0.0
20,25,2,False,False,True,15.5827,26.9691,0.2692,14.0,0.4794,0.3427,3.171766,5.921053,0.0
20,26,0,False,False,True,18.3035,18.294,0.6873,8.0,0.7681,0.5562,-4.829017,3.948908,0.0
20,27,2,False,False,True,26.5365,42.7656,0.1823,22.0,0.9252,0.1841,11.857213,4.075936,0.0
20,28,6,False,False,True,0.9693,4.0362,0.7477,4.0,0.8229,0.575,5.186096,0.049192,0.0
20,29,3,False,False,True,16.0439,18.1223,0.6139,4.0,0.6567,0.4886,-12.607838,-3.611076,0.0
21,0,3,True,False,False,16.0154,19.3517,0.5374,10.0,0.5983,0.4396,-9.319056,5.239085,0.0
21,1,0,True,False,False,7.4037,10.9474,0.7763,10.0,0.9535,0.6022,6.606886,-3.49194,0.0
21,2,7,True,False,False,4.5093,8.5743,0.7708,12.0,0.9813,0.5993,-3.97922,-0.07862,0.0
21,3,6,True,False,False,12.17,20.6418,0.3589,4.0,0.9458,0.518,3.224737,-5.983638,0.0
21,4,5,True,False,False,38.2201,25.8232,0.7202,12.0,0.9698,0.5962,-5.124252,3.84674,0.0
21,5,6,True,False,False,2.6134,6.4702,0.7845,4.0,0.9697,0.6004,-5.0294,-4.477482,0.0
21,6,3,True,False,False,15.6591,19.2515,0.5309,12.0,0.5949,0.4361,10.557999,-1.162436,0.0
21,7,0,True,False,False,19.5533,17.7236,0.7822,4.0,0.9444,0.599,6.989884,0.508421,0.0
21,8,1,True,False,False,5.3338,9.2696,0.7801,6.0,0.9297,0.5978,3.710856,-3.323832,0.0
21,9,2,True,False,False,12.7771,14.3675,0.7778,8.0,0.9844,0.5996,-2.092127,-4.862746,0.0
21,10,4,True,False,False,11.624,14.0438,0.7406,4.0,0.8062,0.5733,-0.807218,3.363007,0.0
21,11,6,False,True,False,4.0509,8.1898,0.7589,8.0,0.8541,0.5858,-4.675279,-2.576381,0.0
21,12,6,False,True,False,1.0669,4.2134,0.7552,4.0,0.838,0.5824,1.718083,-6.001939,0.0
21,13,0,False,False,True,16.7836,16.3884,0.7853,4.0,0.9887,0.6009,2.683626,2.144218,0.0
21,14,1,False,False,True,5.5309,9.7295,0.7342,8.0,0.806,0.6253,1.055792,-2.315266,0.0
21,15,2,False,False,True,15.3076,25.8128,0.2887,16.0,0.4818,0.3771,2.738094,-0.950385,0.0
22,0,6,True,False,False,11.974,20.4751,0.3589,4.0,0.946,0.5172,4.372808,-3.665467,0.0
22,1,2,True,False,False,7.4084,11.5508,0.6978,6.0,0.7585,0.5651,-0.595098,-6.317498,0.0
22,2,1,True,False,False,6.3376,12.2542,0.5304,12.0,0.8072,0.513,2.010706,0.701491,0.0
22,3,4,True,False,False,10.775,15.9234,0.534,14.0,0.8205,0.617,-5.009698,-4.745684,0.0
22,4,4,True,False,False,12.6294,14.2267,0.7841,8.0,0.9787,0.6008,1.84236,-8.067286,0.0
22,5,3,True,False,False,15.5047,19.1907,0.529,12.0,0.5953,0.4338,11.653719,1.098881,0.0
22,6,0,True,False,False,14.4522,15.2525,0.7807,4.0,0.9328,0.5971,0.002735,5.867423,0.0
22,7,0,True,False,False,13.502,14.7001,0.7852,6.0,0.9919,0.6004,-8.267695,0.505528,0.0
22,8,1,True,False,False,5.6231,12.3343,0.4645,8.0,0.7932,0.6125,-3.773968,1.939972,0.0
22,9,5,True,False,False,25.2798,20.3168,0.7696,10.0,0.9186,0.5957,-4.228109,6.738656,0.0
22,10,3,True,False,False,16.1263,19.8146,0.5161,12.0,0.58,0.4324,-8.065992,7.482397,0.0
22,11,2,True,False,False,5.0281,10.8114,0.5406,12.0,0.5895,0.5267,-3.003506,-5.245241,0.0
22,12,0,True,False,False,10.3141,13.4167,0.72,4.0,0.7714,0.5594,6.308148,3.345416,0.0
22,13,6,True,False,False,2.59,6.442,0.7843,4.0,0.9667,0.5993,-3.818624,-2.157159,0.0
22,14,5,True,False,False,17.4963,16.8962,0.7702,4.0,0.8827,0.5907,-9.126472,-3.294944,0.0
22,15,0,True,False,False,14.1983,15.2142,0.7708,4.0,0.8851,0.5911,3.454381,4.435394,0.0
22,16,2,True,False,False,12.5714,14.2515,0.7778,8.0,0.9845,0.5986,-0.898802,-2.543297,0.0
22,17,2,True,False,False,4.7781,11.0062,0.4957,4.0,0.5728,0.4088,4.718386,0.844206,0.0
22,18,6,False,True,False,3.9857,8.1236,0.759,8.0,0.8548,0.5848,-3.458293,-0.274209,0.0
22,19,6,False,True,False,1.0497,4.1793,0.7552,4.0,0.8387,0.5814,2.87726,-3.683608,0.0
22,20,1,False,True,False,4.5142,9.7295,0.5993,8.0,0.6266,0.5391,-5.641253,-0.03699,0.0
22,21,2,False,False,True,8.4513,14.3137,0.5184,8.0,0.8386,0.4817,-0.71022,1.572773,0.0
22,22,1,False,False,True,4.9952,8.989,0.7769,4.0,0.9109,0.5948,4.819454,-1.069309,0.0
22,23,5,False,False,True,32.8369,28.5968,0.5046,18.0,0.5541,0.4446,6.461414,-5.224392,0.0
22,24,0,False,False,True,12.3817,14.3735,0.7531,4.0,0.8337,0.5801,8.926811,2.345234,0.0
22,25,4,False,False,True,7.5344,11.1451,0.7622,6.0,0.8574,0.5858,-6.277676,3.219271,0.0
23,0,6,True,False,False,2.7032,6.5831,0.7838,6.0,0.9635,0.5982,-2.665957,3.93664,0.0
23,1,3,True,False,False,15.989,19.8292,0.511,14.0,0.5844,0.4289,5.539147,-9.999298,0.0
23,2,3,True,False,False,15.6458,19.7914,0.5019,14.0,0.6151,0.4262,12.10062,5.331852,0.0
23,3,0,True,False,False,15.3632,16.5448,0.7053,8.0,0.8562,0.5671,-6.212494,4.494361,0.0
23,4,5,True,False,False,25.3167,20.2574,0.7753,12.0,0.9273,0.5932,8.599046,6.951778,0.0
23,5,1,True,False,False,10.1445,16.7491,0.4544,12.0,0.8758,0.5707,-4.404996,-3.427423,0.0
23,6,2,True,False,False,7.8206,15.622,0.4027,12.0,0.8551,0.4271,2.095524,4.929332,0.0
23,7,4,True,False,False,7.5272,11.1437,0.7617,4.0,0.857,0.5836,-5.819451,7.558332,0.0
23,8,0,True,False,False,14.7792,15.857,0.7386,4.0,0.8048,0.5693,0.590132,-11.635195,0.0
23,9,2,True,False,False,12.615,14.2583,0.7798,8.0,0.992,0.5978,-0.452525,1.744487,0.0
23,10,1,True,False,False,5.679,12.3752,0.466,8.0,0.9124,0.572,4.562382,3.833798,0.0
23,11,6,True,False,False,1.0059,4.1106,0.7481,4.0,0.8239,0.5752,3.316099,0.545648,0.0
23,12,0,True,False,False,15.4651,16.6004,0.7052,4.0,0.7519,0.5482,-6.067896,-7.738033,0.0
23,13,5,True,False,False,25.5069,20.3761,0.772,12.0,0.9234,0.5955,-3.781109,10.995244,0.0
23,14,5,True,False,False,36.4215,36.8664,0.3367,21.0,0.4927,0.4492,-9.263461,-3.379024,0.0
23,15,2,True,False,False,13.4941,22.3141,0.3406,16.0,0.9942,0.3853,-2.786742,-1.19419,0.0
23,16,1,True,False,False,7.1644,12.978,0.5345,14.0,0.9963,0.5829,-0.734136,-4.187861,0.0
23,17,2,True,False,False,8.4976,14.4284,0.513,8.0,0.8371,0.4772,-0.316608,5.712296,0.0
23,18,4,True,False,False,8.9022,12.2699,0.7431,4.0,0.8134,0.572,7.327171,2.515338,0.0
23,19,0,True,False,False,15.1053,15.8799,0.7527,4.0,0.8342,0.5781,-3.065953,-9.269347,0.0
23,20,0,True,False,False,11.1266,13.419,0.7765,8.0,0.9227,0.5932,6.897532,-0.871401,0.0
23,21,0,False,True,False,16.8695,16.4291,0.7854,4.0,0.996,0.5982,4.342628,8.624775,0.0
23,22,6,False,True,False,4.0353,8.181,0.7577,6.0,0.8531,0.5813,-3.689926,2.257444,0.0
23,23,1,False,True,False,4.7593,9.5353,0.6578,8.0,0.6602,0.5802,-1.843922,-6.101568,0.0
23,24,2,False,True,False,8.265,14.8157,0.4732,16.0,0.5607,0.4438,0.427264,-1.093688,0.0
23,25,4,False,False,True,9.7063,13.472,0.672,16.0,0.8574,0.5934,1.910089,-5.138309,0.0
23,26,5,False,False,True,31.5337,29.1178,0.4674,22.0,0.9896,0.4155,3.99655,-6.621599,0.0
23,27,0,False,False,True,14.4879,15.2758,0.7802,4.0,0.9304,0.595,0.457429,10.121494,0.0
23,28,6,False,False,True,12.1851,20.4889,0.3648,4.0,0.9477,0.5188,4.807193,0.544883,0.0
23,29,1,False,False,True,5.6698,12.3864,0.4644,8.0,0.792,0.6115,-3.350373,6.18302,0.0
23,30,4,False,False,True,7.4785,11.5344,0.7064,6.0,0.7532,0.5536,-7.911626,-1.402644,0.0
24,0,6,True,False,False,2.7026,6.5825,0.7838,6.0,0.9628,0.6022,-0.416979,7.91672,0.0
24,1,3,True,False,False,16.0335,19.8165,0.5131,16.0,0.6084,0.4403,-10.257092,-0.250843,0.0
24,2,1,True,False,False,10.1426,16.7475,0.4544,12.0,0.8728,0.5745,-2.098801,0.54654,0.0
24,3,2,True,False,False,13.4798,22.292,0.3409,16.0,0.9981,0.3876,-0.501711,2.779993,0.0
24,4,1,True,False,False,4.7696,9.5344,0.6593,8.0,0.6587,0.5838,0.475345,-2.12547,0.0
24,5,2,True,False,False,8.2393,14.7901,0.4733,16.0,0.5552,0.4486,2.742078,2.903252,0.0
24,6,4,True,False,False,7.3989,11.4823,0.7052,6.0,0.7475,0.557,-5.613278,2.541018,0.0
24,7,2,True,False,False,12.6126,14.2569,0.7798,8.0,0.9918,0.6018,1.807134,5.727111,0.0
24,8,5,True,False,False,31.5277,29.115,0.4674,22.0,0.9839,0.4172,6.388317,-2.418171,0.0
24,9,5,True,False,False,36.5062,36.8414,0.338,28.0,0.487,0.456,-7.226295,0.813428,0.0
24,10,6,True,False,False,12.1827,20.487,0.3648,4.0,0.9466,0.5223,7.076298,4.56987,0.0
24,11,4,True,False,False,9.7044,13.4707,0.672,16.0,0.8541,0.5962,4.226004,-1.12308,0.0
24,12,0,True,False,False,15.4622,16.5988,0.7052,4.0,0.7475,0.5523,-3.731667,-3.781824,0.0
24,13,0,True,False,False,15.3603,16.5433,0.7053,8.0,0.8551,0.5705,-3.961335,8.46362,0.0
24,14,3,False,True,False,15.9859,19.8273,0.511,14.0,0.5782,0.4329,7.893963,-5.948024,0.0
24,15,0,False,True,False,14.7764,15.8554,0.7386,4.0,0.8012,0.5733,2.954531,-7.628988,0.0
24,16,1,False,True,False,7.1929,13.001,0.5348,14.0,0.9964,0.5852,1.570338,-0.204865,0.0
24,17,6,False,False,True,4.0345,8.1802,0.7577,6.0,0.8504,0.5853,-1.428333,6.230114,0.0
24,18,6,False,False,True,1.0058,4.1102,0.7481,4.0,0.8207,0.5793,5.589566,4.570638,0.0
24,19,0,False,False,True,15.0641,15.8542,0.7531,4.0,0.8321,0.5824,-0.720839,-5.296287,0.0
24,20,0,False,False,True,11.1276,13.4177,0.7767,6.0,0.9217,0.597,9.182295,3.183571,0.0
